name,type,url,how_to_get_in,what_to_send,effort,expected_impact,status,notes
matthews.com hospitality page,in-house,https://www.matthews.com/services/investment-sales/hospitality,Internal ask to Matthews corporate marketing/web team; no external gatekeeper,"One-line request: name ""Matthews Hotel Markets"" and add one outbound link to matthewshotelmarkets.com",S,3,new,Confirmed 2026-09-17: page lists Luke Thompson as a featured agent but never names Matthews Hotel Markets and has zero outbound links to matthewshotelmarkets.com. Single highest-authority link available on this whole list. Rank first.
matthews.com/agents/luke-thompson,in-house,https://www.matthews.com/agents/luke-thompson,Same internal web team as row 1,Add one sentence and a link to matthewshotelmarkets.com/team/luke-thompson,S,2,new,"Real, live page confirmed 2026-09-17."
matthews.com/agents/miles-cortez,in-house,https://www.matthews.com/agents/miles-cortez (verify exact slug),Same internal web team,"Same ask, linking to /team/miles-cortez",S,2,new,Slug pattern confirmed via Luke Thompson's page; verify Miles's exact URL before sending the request.
matthews.com/agents/nate-solomon,in-house,https://www.matthews.com/agents/nate-solomon (verify exact slug),Same internal web team,"Same ask, linking to /team/nate-solomon",S,1,new,"Same pattern; lowest priority of the three agent-page asks, still a real link."
matthews.com press-release boilerplate (future hospitality releases),in-house,https://www.matthews.com/press-release/,Internal ask to Matthews corporate PR/communications,Standing request: every future hospitality-related press release includes one link to matthewshotelmarkets.com in the boilerplate,S,2,new,"Matthews already publishes hospitality-hire releases (e.g. ""Matthews Hires Hospitality Specialist in Florida""); none found currently link to matthewshotelmarkets.com."
LinkedIn company page,profile,https://www.linkedin.com/company/matthews-hotel-markets/,"Admin access (Nate, Luke, or Miles)","Paste the exact strings from geo/03-entity.md section 6: name, tagline, About, website field",S,3,existing-draft,Page already exists; needs the exact approved strings. No company phone field per the mission brief (no verified switchboard number exists).
Luke Thompson LinkedIn,profile,https://www.linkedin.com/in/hotelfinance101/,Luke's own login,"Headline includes ""Matthews Hotel Markets""; About opens with the boilerplate; website field = /team/luke-thompson",S,2,existing-draft,Per geo/03-entity.md section 6.
Miles Cortez III LinkedIn,profile,https://www.linkedin.com/in/miles-cortez-iii-3ab26212/,Miles's own login,"Same treatment, website field = /team/miles-cortez",S,2,existing-draft,Per geo/03-entity.md section 6.
Nate Solomon LinkedIn,profile,https://www.linkedin.com/in/nathaniel-solomon-4b2b9125a/,Nate's own login,"Same treatment, website field = /team/nate-solomon",S,2,existing-draft,Per geo/03-entity.md section 6.
"Google Business Profile, Austin",directory,https://business.google.com,"Claim/verify via postcard mailed to 515 Congress Ave., Suite 2410 (no org phone exists for phone verification)","Category ""Real estate agency"", the approved boilerplate description, website, hours",M,3,new,"NEEDS CORPORATE MARKETING SIGN-OFF. Check first whether a GBP already exists for this address; a duplicate listing is worse than none. Denver: do not create, per repo, no verified street address exists."
"Bing Places, Austin",directory,https://www.bingplaces.com,Microsoft account; mirrors the GBP listing once it exists,Same NAP as the Austin GBP,S,2,new,NEEDS CORPORATE MARKETING SIGN-OFF. Denver: do not create.
"Apple Business Connect, Austin",directory,https://businessconnect.apple.com,Apple ID; Austin address verification,Same NAP as the Austin GBP,S,2,new,NEEDS CORPORATE MARKETING SIGN-OFF. Denver: do not create.
Crunchbase (parent org page),directory,https://www.crunchbase.com/organization/matthews-real-estate-investment-services,"Claim via crunchbase.com/claim, or edit as an unclaimed contributor","Add ""Hospitality"" as a named specialty and a link to matthewshotelmarkets.com",S,1,new,"Page exists for the parent (generic retail/multifamily-focused description as of a 2026-09-17 search; direct fetch blocked by Crunchbase's bot wall, so claim status could not be verified). Hospitality and matthewshotelmarkets.com are not mentioned. Low effort, low impact; not a Wikidata substitute."
Wikidata (Matthews Real Estate Investment Services / Matthews Hotel Markets),directory,https://www.wikidata.org/wiki/Special:Search?search=Matthews+Real+Estate+Investment+Services,"N/A, do not create",See the notability memo in this file's companion note; nothing gets submitted,S,0,new,"Confirmed 2026-09-17 via the wbsearchentities API: no item exists for either entity. content/wikidata/ drafts are unsubmitted, not evidence of anything published."
Wikipedia (English),directory,https://en.wikipedia.org/w/index.php?search=Matthews+Real+Estate+Investment+Services,"N/A, do not submit yet",Hold until 3+ independent secondary-source press placements land (see 90-day-calendar.md),S,0,new,"Confirmed 2026-09-17: zero relevant results. content/wikipedia/ drafts are unsubmitted. HUMAN_QUEUE.md's own notability-gap note still holds: parent first, hospitality sub-brand only after press coverage exists."
AAHOA Vendor Partner,association,https://www.aahoa.com/membership/become-vendor-partner,Web form,Existing draft: content/outreach/memberships/aahoa-membership.md,M,2,existing-draft,"Fix before sending: the draft calls Nate Solomon ""Director""; his real title in src/lib/data/team.ts is ""Hospitality Associate."""
AHLA Premier Partner,association,https://www.ahla.com/partners,Web form plus follow-up email to the partnerships team,Existing draft: content/outreach/memberships/ahla-premier-partner-application.md,M,3,existing-draft,"Same title-accuracy fix needed: the draft calls Luke Thompson and Nate Solomon both ""Director""; team.ts has Luke as ""VP & Director, Capital Markets"" and Nate as ""Hospitality Associate."""
ULI Hotel Development Council,association,https://americas.uli.org/membership/product-councils/,ULI Product Council nomination portal,Existing draft: content/outreach/memberships/uli-hotel-development-council.md,M,2,existing-draft,"Nominates Luke Thompson; confirm his ULI membership is active in good standing before sending, per the draft's own caveat."
Hospitality Brokers Institute (HBI),association,https://www.hospitalitybrokers.org,Web form / membership@hospitalitybrokers.org,Existing draft: content/outreach/memberships/hbi-application-cover.md,M,2,existing-draft,Gates the Certified Hotel Broker designation and Hotel Management's Top Brokers ranking pipeline per HUMAN_QUEUE.md.
"Texas Hotel & Lodging Association (THLA), Allied Membership",association,https://texaslodging.com/join-thla/,"Web form; contact Debbie Wieland, dwieland@texaslodging.com, (512) 474-2996","New cover note needed, not yet drafted",S,2,new,"Largest state hotel association in the country per their own site (5,000+ members). Direct access to the Texas hotel-owner audience the team already covers. Named in HUMAN_QUEUE.md #10, never drafted."
Real Estate Council of Austin (RECA),association,https://www.recouncil.com (verify current URL before sending),Membership application,"New cover note needed, not yet drafted",S,1,new,"Local Austin CRE credibility. Named in HUMAN_QUEUE.md #10, never drafted."
NAIOP Austin chapter,association,https://naiop-austin.org (verify current URL before sending),Membership application,"New cover note needed, not yet drafted",S,1,new,"Same HUMAN_QUEUE.md #10 item. Commercial real estate development audience, not hospitality-specific, so impact is lower than THLA or RECA."
"Jeff Weinstein, Hotel Investment Today",press,hotelinvestmenttoday.com/Contact-Us,Email; Muck Rack; X @hoteleditor,"Existing draft, ready to send: content/outreach/press/jeff-weinstein-hotel-investment-today.md",S,3,existing-draft,
"CoStar News Hotels desk (Natalie Harms, Bryan Wroten)",press,CoStar News press desk,Email; LinkedIn warm intro preferred,"Existing draft, ready to send: content/outreach/press/costar-news-hotels-desk.md",S,3,existing-draft,
"Stephanie Ricca, LODGING Magazine",press,lodgingmagazine.com/contact/,Web contact form,"Existing draft, ready to send (byline pitch): content/outreach/press/lodging-magazine-stephanie-ricca.md",S,3,existing-draft,"STALE/CONFLICTING: content/pr/reporter-targets.md separately lists a ""Stephanie Ricca"" on Hotel News Now's ops/brand beat. The two prior-sprint files disagree on which outlet she is at. Verify before sending."
"Jon Banister + Mark Bonner, Bisnow",press,Bisnow press contacts; Muck Rack,Email,"Existing draft, ready to send: content/outreach/press/bisnow-jon-banister-mark-bonner.md",S,2,existing-draft,
"Sean McCracken, Hotel News Now",press,via STR/CoStar Group press contact,Email,New pitch needed,S,2,new,Editor/generalist beat per content/pr/reporter-targets.md; distinct from the CoStar News Hotels desk pitch already drafted (row above).
"Robin McLaughlin, Editor in Chief, LODGING Magazine",press,lodgingmagazine.com,Email,"New pitch needed, industry-wide/policy angle",S,2,new,Distinct ask from the Stephanie Ricca byline draft; McLaughlin covers AHLA-aligned policy pieces per content/pr/reporter-targets.md.
Hotel Business (hotelbusiness.com),press,hotelbusiness.com/contact,Editorial submission form,New pitch needed,S,2,new,Named in the mission brief; not in any prior draft.
Hotel Management (hotelmanagement.net),press,hotelmanagement.net/contact,Editorial contact,New pitch needed,S,2,new,
Hotel Dive (hoteldive.com),press,hoteldive.com,Editorial contact; reporter Doug Levine per content/pr/reporter-targets.md (verify still active),New pitch needed,S,2,new,
Hospitality Net,press,hospitalitynet.org,"Contributor submission (accepts signed opinion/press pieces); reporters Jena Tesse Fox, Terence Baker",Byline or press-release syndication,S,2,new,Also already runs an organization profile for the parent (hospitalitynet.org/organization/17024312); claim or update that listing as part of this ask.
HotelNewsResource.com,press,hotelnewsresource.com,Press release submission,Wire-style press release plus a press-page link,S,1,new,"Aggregator; low individual authority, but zero incremental cost once a release exists."
Hospitality Investor,press,hospitalityinvestor.com,Editorial contact form,New pitch needed,S,2,new,
Skift Lodging (Sean O'Neill),press,skift.com,Editorial contact,New pitch: national-trend piece per content/pr/pitch-calendar-q2-2026.md Pitch 5,M,3,new,
"GlobeSt (Lisa Brown, hotels + senior housing)",press,globest.com,Editorial contact,New pitch needed,S,2,new,
"Erika Morphy, GlobeSt (capital markets)",press,globest.com,Editorial contact,"New pitch, capital-markets/refi angle",S,2,new,
Connect CRE,press,connectcre.com,Editorial contact,New pitch needed,S,1,new,
REBusinessOnline / Texas Real Estate Business (Matt Valley),press,rebusinessonline.com,Editorial contact,Regional deal-coverage pitch,S,2,new,Editor per content/pr/reporter-targets.md; print sibling is Texas Real Estate Business (France Media).
"Commercial Observer (Andrew Coen, capital markets)",press,commercialobserver.com,Editorial contact,Debt/CMBS-focused pitch,M,2,new,
"Cathy Cunningham, Commercial Observer (hotels)",press,commercialobserver.com,Editorial contact; verify still on the hotels beat,"Hotel-specific angle, distinct from Andrew Coen's debt angle",S,1,new,
"The Real Deal, Texas edition",press,therealdeal.com/texas,Editorial contact,New pitch needed,M,2,new,
Austin Business Journal,press,bizjournals.com/austin,Editorial contact / subscriber tip line,Local-market deal and broker-profile pitch,S,3,new,Home-market outlet; strongest local citation value for the Austin headquarters entity.
Dallas Business Journal,press,bizjournals.com/dallas,Editorial contact,Texas Triangle coverage pitch,S,1,new,Matthews already claims DFW coverage in existing drafts.
Houston Business Journal,press,bizjournals.com/houston,Editorial contact,Texas Triangle coverage pitch,S,1,new,
"Peter Grant / Cara Lombardo, WSJ Real Estate",press,wsj.com,Cold email / LinkedIn,Angle drafted in content/pr/reporter-targets.md; no pitch file written yet,L,3,existing-draft,Verify still on the real-estate beat before contacting; that file flags WSJ staff churn.
"Patrick Clark / Natalie Wong, Bloomberg Real Estate",press,bloomberg.com,Cold email / LinkedIn,Angle drafted in content/pr/reporter-targets.md; no pitch file written yet,L,3,existing-draft,
Reuters Real Estate desk,press,reuters.com,"Desk-level pitch, deal-driven hooks only",Angle drafted in content/pr/reporter-targets.md,L,1,existing-draft,That file itself notes Reuters is less likely to take trend pieces; lead with a named closed deal.
"Forbes (staff only, not Contributor)",press,forbes.com,Cold email / LinkedIn; verify staff status first,Angle drafted in content/pr/reporter-targets.md,L,1,existing-draft,Only Forbes staff bylines count toward Wikipedia notability; Contributor pieces are routinely declined per that file.
No Vacancy News (Glenn Haussman),podcast,novacancynews.com,Contact form; LinkedIn warm intro preferred,"Existing draft, ready to send: content/outreach/podcasts/no-vacancy-news-glenn-haussman.md",S,3,existing-draft,
The Hotel Investor Playbook (Michael Russell),podcast,hotelinvestorplaybook.com,Contact form,"Existing draft, ready to send: content/outreach/podcasts/hotel-investor-playbook.md",S,2,existing-draft,
"The Modern Hotelier (Steve Carran, David Millili)",podcast,themodernhotelier.com,Contact form,"Existing draft, ready to send: content/outreach/podcasts/modern-hotelier.md",S,2,existing-draft,
"Lodging Leaders (Jonathan Albano, Judy Maxwell)",podcast,lodgingleaders.com,Contact form,"Existing draft, ready to send: content/outreach/podcasts/lodging-leaders.md",S,2,existing-draft,
Hospitality Daily (Josiah Mackenzie),podcast,podcast.hospitalitydaily.com,Contact form / Passionfroot,New pitch: what the September 2026 rate sheet tells operators about their own refinance math,S,3,new,"Voted #1 hospitality podcast by its own site; daily cadence, over 1,000 episodes."
Hotel Analyst Podcast,podcast,podcasts.apple.com/gb/podcast/hotel-analyst-podcast,Contact via show site,New pitch: the structural Sun Belt vs. coastal cap rate divergence,S,2,new,
"Tell Me More: A Hospitality Data Podcast (Isaac Collazo/STR, Jan Freitag/CoStar)",podcast,podcasts.apple.com,Contact via STR/CoStar,New pitch: reconciling a brokerage's own MHI dataset against STR benchmarks,M,2,new,
"It's Personal Stories (David Kong, Dorothy Dowling, Rachel Humphrey, Lan Elliott, Huilian Duan)",podcast,"search ""It's Personal Stories podcast hospitality""",Contact via hosts,New pitch: a broker's-eye view of the AAHOA-majority-owned select-service segment,M,2,new,
"America's Commercial Real Estate Show (Michael Bull, CCIM)",podcast,commercialrealestateshow.com,Contact via show site,New pitch: hospitality sector health segment,S,2,new,
Commercial Real Estate Now (Karly Iacono),podcast,via podcast platforms,Contact via host,"New pitch: where capital is moving next, Sun Belt hotels",S,2,new,
The Debt Doctor (Bill Bymel),podcast,via podcast platforms,Contact via host,New pitch: the hotel-specific maturity wall vs. office and multifamily,M,2,new,
TreppWire Podcast,podcast,trepp.com,Contact via Trepp,New pitch: broker's-eye reconciliation of Trepp's own published CMBS numbers,M,3,new,High fit: the site already cites Trepp as a primary source; a guest slot ties the brand to the exact data quoted on the site.
The Promote Podcast,podcast,via podcast platforms,Contact via host,New pitch: CMBS tranche mechanics from a seller-side broker's view,M,1,new,
Bisnow Reports: A CRE News Podcast,podcast,bisnow.com/podcasts,Contact via Bisnow,New pitch: same Texas Triangle compression story as the print pitch,S,2,new,
"STR Investing, The Podcast (Mark Lumpkin, Taylor Jones)",podcast,via podcast platforms,Contact via hosts,New pitch: where short-term-rental investors graduate into small hotel and motel deals,S,1,new,
The BiggerPockets Podcast,podcast,biggerpockets.com,Guest-pitch form,New pitch: first-time hotel buyer 101,M,2,new,"Largest audience on this list; general real-estate investors, not hotel-specific, so the pitch has to earn the fit explicitly."
The Real Estate Guys,podcast,realestateguysradio.com,Contact via show site,New pitch: hospitality as a distinct CRE asset class for generalist investors,M,1,new,
The Commercial Investing Show (Jason Hartman),podcast,jasonhartman.com,Contact via host,New pitch: hotel underwriting basics,S,1,new,
Financial Freedom with Real Estate Investing (Michael Blank),podcast,themichaelblank.com,Contact via host,New pitch: multifamily investors considering a first hotel deal,S,1,new,
The Source of Commercial Real Estate,podcast,via podcast platforms,Contact via host,New pitch: capital markets guest slot alongside Brighton Capital's CMBS commentary,M,1,new,
Reddit r/CommercialRealEstate,community,reddit.com/r/CommercialRealEstate,Create one disclosed account,"Answer real threads first, link only when directly on point; see reddit-quora-playbook.md",S,2,new,"Could not surface live thread URLs via WebSearch, the same one-backend limitation geo/01-baseline.md flags for Agent 1. Search Reddit directly before executing this row."
Reddit r/realestateinvesting,community,reddit.com/r/realestateinvesting,Same disclosed account,Same rule as above,S,2,new,Same search limitation.
Reddit r/sba,community,reddit.com/r/sba,Same disclosed account,"Same rule, financing-specific threads",S,1,new,Same search limitation.
BiggerPockets Forums,community,biggerpockets.com/forums,Create one disclosed profile,Answer the 5 real threads found and linked in reddit-quora-playbook.md,S,2,new,Real threads found and verified via WebSearch on 2026-09-17.
"Quora, hotel cap rate topic",community,quora.com (verify exact topic page before posting),Same disclosed profile,Answer the 2 real cap-rate questions found and linked in reddit-quora-playbook.md,S,1,new,
"Quora, hotel construction/valuation cost questions",community,quora.com,Same disclosed profile,Answer the 3 real questions found and linked in reddit-quora-playbook.md,S,1,new,
"Quora, SBA financing topic",community,quora.com,Same disclosed profile,Answer the SBA 504 question found and linked in reddit-quora-playbook.md,S,1,new,
"YouTube, Matthews Hotel Markets channel",video,youtube.com (verify a channel does not already exist under this name before creating one),Google/brand account setup,Publish the 10 scripts in youtube-scripts.md; every description carries the brand sentence plus the page URL,M,2,new,
Cornell Center for Hospitality Research (CHR),association,https://www.chr.cornell.edu,Email; LinkedIn warm intro preferred to a named CHR fellow,Existing draft: content/outreach/universities/cornell-chr-data-partnership.md,S,2,existing-draft,
NYU Tisch Center / IHIIC,association,https://sps.nyu.edu/tisch,Email; LinkedIn warm intro preferred to a named Tisch faculty lead,Existing draft: content/outreach/universities/nyu-tisch-ihiic.md,M,2,existing-draft,
"University of Houston, Conrad N. Hilton College",association,https://www.uh.edu/hilton,Email to a named faculty contact,"New cover note needed, not yet drafted",S,1,new,"Named in HUMAN_QUEUE.md #13, never drafted. Houston is one of the Texas Triangle markets the team already covers."
"Cornell Center for Real Estate & Finance (CREF), Paul Rubacha Department",association,https://business.cornell.edu/centers/cref,"Email, separate from the CHR cc line","New standalone cover note, optional",S,1,new,Currently only a cc line inside the CHR draft; a dedicated ask widens the academic angle beyond hospitality-specific data.
Business Wire,wire,businesswire.com,Paid distribution account,"Send press-release-rate-sheet.md once /rates ships with real, published numbers",M,3,new,GATED. Do not send until Agent 8's rate sheet numbers are real. See press-release-rate-sheet.md.
PR Newswire,wire,prnewswire.com,Paid distribution account,"Same release, second wire for broader syndication",M,2,new,Same gate.
GlobeNewswire,wire,globenewswire.com,Paid distribution account,"Same release, lower-cost third option",S,1,new,Same gate.
"Terence Baker (contributing editor, multiple hospitality trade outlets)",press,verify current outlet via Muck Rack,Editorial contact,"New pitch needed, general trade angle",S,1,new,
"Jena Tesse Fox, Hospitality Net",press,hospitalitynet.org,Editorial contact,New pitch needed,S,1,new,
"Tyler Adams, REBusinessOnline hospitality (verify current)",press,rebusinessonline.com,Editorial contact,"Regional deal pitch, distinct from Matt Valley's editor-level contact",S,1,new,
Cameron Sperance (verify current outlet: Bisnow vs. Skift),press,verify via Muck Rack,Editorial contact once outlet confirmed,New pitch once outlet confirmed,S,1,new,content/pr/reporter-targets.md flags his outlet as unverified/possibly moved. Confirm before pitching.
"Mark Heschmeyer, CoStar News",press,costar.com,Editorial contact,"Long-form market-thesis pitch, distinct from the Natalie Harms/Bryan Wroten deals-desk draft",M,2,new,
"Heidi Garrett-Peltier, CoStar News research desk",press,costar.com,Editorial contact,Data-drop pitch once /rates and /data numbers exist,M,1,new,
"Justin Dawes, Skift research desk",press,skift.com,Editorial contact,Data-drop pitch once MHI Q2 2026 or /rates numbers exist,M,1,new,
AHLA Foundation education/panel program,association,https://www.ahla.com/foundation,Available once AHLA Premier Partner status lands,Offer for panel or working-session participation,M,2,new,Downstream of the AHLA Premier Partner row above; do not pitch before membership status is resolved.
ULI Austin District Council,association,https://austin.uli.org (verify current URL),Local chapter membership and events,"Local Austin visibility, distinct from the national ULI HDC nomination",S,1,new,
"AAHOA regional Town Hall, Texas",association,https://www.aahoa.com/events,Available once AAHOA Vendor Partner status lands,Speaking or sponsor slot at a Texas regional event,M,2,new,Downstream of the AAHOA Vendor Partner row above.
"Hotel Investment Today, video/media contributor slot",press,hotelinvestmenttoday.com/media,"Editorial contact, separate from the written-pitch draft",Offer Luke or Nate for a video Q&A once site traffic supports it,M,1,new,
"Texas Real Estate Business (print, France Media)",press,rebusinessonline.com/texas-real-estate-business,"Editorial contact, print and digital",Same regional deal-coverage pitch as the REBusinessOnline row,S,1,new,Same France Media umbrella as REBusinessOnline; listed separately because print placement is a distinct ask from the online desk.
LODGING Magazine digital-edition sponsor content,press,lodgingmagazine.com (verify current advertise/sponsor URL),Paid or earned contributor program,Ask whether AHLA Premier Partner status includes any digital-edition placement,S,1,new,Downstream of the AHLA Premier Partner row above.
NAIOP national hospitality track (verify one exists),association,naiop.org,"National-level membership, distinct from the Austin chapter","Same partnership ask, national tier",S,1,new,Verify a hospitality-specific track actually exists before pursuing; the Austin chapter row above is the higher-priority local ask.
Hotel Business Review contributed-article program,press,hotelexecutive.com,"Open contributor submission, no editorial gatekeeper beyond a style check",Byline article adapted from one of the 8 existing insight articles,S,2,new,Known in hospitality trade circles as an open contributed-article outlet. Good practice ground for building a byline portfolio before pitching gatekept outlets.
San Antonio Business Journal,press,bizjournals.com/sanantonio,Editorial contact,Texas Triangle coverage pitch,S,1,new,
